<overlay>
	<after uuid="2654edea-e2e2-41ad-a555-d36cc83240b0">
		<section label="Hello World" uuid="uuid_hello_world">
			<subSection>
				<group label="123" visible="true">
					<Button uuid="uuid_btn_hello_world" text="Hello Worldtestcontrol123" span="R"/>
					<StringWidget uuid="uidoc_sample_StringInput" label="Control1" name="StringInput" editableAddMode="true" editableUpdateMode="true" mandatory="true" visible="true"/>
					<DateWidget uuid="uidoc_sample_DatePicker" label="Control2" name="DatePicker" editable="true" mandatory="true" visible="true"/> 
					<TimeWidget uuid="uidoc_sample_TimePicker" label="Control3" name="TimePicker" editable="true" mandatory="true" visible="true"/> 
					<TextAreaWidget label="Remarks" name="Comments" uuid="uidoc_sample_TextAreaWidget" editable="true" dbSize="254" visible="true"/> 
			    </group>
			</subSection>
		</section>
	</after>
</overlay>