<overlay>
	<after uuid="2654edea-e2e2-41ad-a555-d36cc83240b0">
		<section label="Hello World" uuid="uuid_hello_world">
			<subSection>
				<group label="123" visible="true">

					<Button uuid="uuid_btn_hello_world" text="Hello Worldtestcontrol123" span="R"/>
					<StringWidget uuid="uidoc_sample_StringInput" label="Control1" name="StringInput" editableAddMode="true" editableUpdateMode="true" mandatory="true" visible="true"/>
					<NumberWidget uuid="uidoc_sample_IntegerInput" label="Control" name="IntegerInput" editable="true" mandatory="false" visible="true"/>
					<MeasureWidget uuid="uidoc_sample_MeasureInput" label="Control" name="MeasureInput" editable="true" mandatory="false" visible="true"/>
					<TextAreaWidget uuid="uidoc_sample_TextInput" label="Control" name="TextInput" editable="true" mandatory="true" visible="true"/>
					<CheckboxAsRadioWidget uuid="uidoc_sample_RadioButton" label="Control" name="RadioButton" editable="true" mandatory="false" visible="true"/>
					<CheckboxWidget uuid="uidoc_sample_Checkbox" label="Control" name="CheckboxRounding" editable="true" mandatory="true" visible="true"/>
					<GridWidget nolabel="true" name="sampleGrid" editable="false" viewId="sampleGrid.gridView" selectMode="true" visible="true">
					<action/>
					<columns>
						<column label="sample_columnQuantityInput" name="sample_columnQuantityInput" span="M" defaultVisible="true">
						<QuantityWidget label="QuantityInput" uuid="COLUMN_QuantityInput" name="samplecolumnQuantityInput" editable="false"/>
						</column>
						<column label="sample_columnFileUploader" name="sample_columnFileUploader" span="M" defaultVisible="true">
						<ImageUploadWidget label="FileUploader" uuid="COLUMN_FileUploader" name="samplecolumnFileUploader" editable="false"/>
						</column>
						<column label="sample_columnStringInput" name="sample_columnStringInput" span="M" defaultVisible="true">
						<StringWidget label="StringInput" uuid="COLUMN_StringInput" name="samplecolumnStringInput" editable="false"/>
						</column>
						<column label="sample_columnDatePicker" name="sample_columnDatePicker" span="M" defaultVisible="true">
						<DateWidget label="DatePicker" uuid="COLUMN_DatePicker" name="samplecolumnDatePicker" editable="false"/>
						</column>
						<column label="sample_columnTimePicker" name="sample_columnTimePicker" span="M" defaultVisible="true">
						<TimeWidget label="TimePicker" uuid="COLUMN_TimePicker" name="samplecolumnTimePicker" editable="false"/>
						</column>
						<column label="sample_columnCheckbox" name="sample_columnCheckbox" span="M" defaultVisible="true">
						<CheckboxWidget label="Checkbox" uuid="COLUMN_Checkbox" name="samplecolumnCheckbox" editable="false"/>
						</column>
						<column label="sample_columnPriceInput" name="sample_columnPriceInput" span="M" defaultVisible="true">
						<PriceWidget label="PriceInput" uuid="COLUMN_PriceInput" name="samplecolumnPriceInput" editable="false"/>
						</column>
					</columns>
					</GridWidget>



			    </group>
			</subSection>
		</section>
	</after>
</overlay>