<overlay>
  <header>				
  <HeaderStringWidget name="CardCode" uuid="efe99401-5443-4fe9-8c04-191f2e20260f" editable="false" mandatory="true" linkTo="OCRD" dbSize="15" linkButtonEnabled="true" linkButtonVisible="true"/>
</header>
	<after uuid="2654edea-e2e2-41ad-a555-d36cc83240b0">
		<section label="Hello World" uuid="uuid_hello_world">
			<subSection>
				<group label="123" visible="true">

					<Button uuid="uuid_btn_hello_world" text="Hello Worldtestcontrol123" span="R"/>
					<StringWidget uuid="uidoc_sample_StringInput" label="Control1" name="StringInput" editableAddMode="true" editableUpdateMode="true" mandatory="true" visible="true"/>

			    </group>
			</subSection>
		</section>
	</after>
</overlay>