<overlay>
	<after uuid="2654edea-e2e2-41ad-a555-d36cc83240b0">
		<section label="Hello World" uuid="uuid_hello_world">
			<subSection>
				<group label="" visible="{/$EditMode} eq 'View'">
					<Button uuid="uuid_btn_hello_world" text="Hello World" span="R"/>
                    <TimeWidget label="SO Header Time" name="U_SOH_Time" uuid="UDF_OINV_U_SOH_Timetest"  editable="(('U_SOH_Time' in [__sensitiveFields]) eq false)" dbSize="6"/>

			    </group>
			</subSection>
		</section>
	</after>
</overlay>