<overlay>
	<after uuid="2654edea-e2e2-41ad-a555-d36cc83240b0">
		<section label="Hello World" uuid="uuid_hello_world">
			<subSection>
				<group label="123" visible="{/$EditMode} eq 'View'">
					<Button uuid="uuid_btn_hello_world" text="Hello Worldtestcontrol123" span="R"/>
					<StringWidget uuid="uidoc_sample_StringInput" label="Control" name="StringInput" editableAddMode="true" editableUpdateMode="true" mandatory="true" visible="true"/>
					<DateWidget uuid="uidoc_sample_DatePicker" label="Control" name="DatePicker" editable="true" mandatory="true" visible="true"/> 
			    </group>
			</subSection>
		</section>
	</after>
</overlay>