<overlay>
	<after uuid="2654edea-e2e2-41ad-a555-d36cc83240b0">
		<section label="Hello World" uuid="uuid_hello_world">
			<subSection>
				<group label="123" visible="true">
				<HeaderStringWidget uuid="uidoc_sample_HeaderString" label="Control" name="HeaderString" state="{state}" icon="{icon}" editable="true" mandatory="true" visible="true"/>
				<HeaderNumberWidget uuid="uidoc_sample_HeaderNumber" label="Control" name="HeaderNumber" state="{state}" editable="true" mandatory="true" visible="true"/>
				<SelectWidget uuid="uidoc_sample_DropdownList" label="Control" name="DropdownList" selection="{selection}" defaultSelection="{defaultSelection}" editable="true" mandatory="true" visible="true"/>
				<ImageUploadWidget uuid="uidoc_sample_FileUploader" label="Control" name="FileUploader" editable="true" mandatory="true" visible="true"/>
<Button uuid="uidoc_sample_Button" label="Control" name="Button" icon="{icon}" text="{text}" help="{help}" type="{type}" visible="true"/>

					<Button uuid="uuid_btn_hello_world" text="Hello Worldtestcontrol123" span="R"/>
					<StringWidget uuid="uidoc_sample_StringInput" label="Control1" name="StringInput" editableAddMode="true" editableUpdateMode="true" mandatory="true" visible="true"/>
					<CheckboxAsRadioWidget uuid="uidoc_sample_RadioButton" label="Control" name="RadioButton" editable="true" mandatory="true" visible="true"/>

			    </group>
			</subSection>
		</section>
	</after>
</overlay>