<overlay>
	<after uuid="2654edea-e2e2-41ad-a555-d36cc83240b0">
		<section label="Hello World" uuid="uuid_hello_world">
			<subSection>
				<group label="123" visible="true">

					<Button uuid="uuid_btn_hello_world" text="Hello Worldtestcontrol123" span="R"/>
					<StringWidget uuid="uidoc_sample_StringInput" label="Control1" name="StringInput" editableAddMode="true" editableUpdateMode="true" mandatory="true" visible="true"/>
					<NumberWidget uuid="uidoc_sample_IntegerInput" label="Control" name="IntegerInput" editable="true" mandatory="false" visible="true"/>
					<MeasureWidget uuid="uidoc_sample_MeasureInput" label="Control" name="MeasureInput" editable="true" mandatory="false" visible="true"/>
					<TextAreaWidget uuid="uidoc_sample_TextInput" label="Control" name="TextInput" editable="true" mandatory="true" visible="true"/>
					<CheckboxAsRadioWidget uuid="uidoc_sample_RadioButton" label="Control" name="RadioButton" editable="true" mandatory="false" visible="true"/>
					<CheckboxWidget uuid="uidoc_sample_Checkbox" label="Control" name="CheckboxRounding" editable="true" mandatory="true" visible="true"/>
				
			
			<HeaderStringWidget uuid="uidoc_sample_HeaderString" label="Control" name="HeaderString" state="{VDocStatus} eq 'O'" editable="true" mandatory="false" visible="true"/>
            <HeaderNumberWidget name="DocTotal" uuid="uidoc" visible="true" editable="true" dbSize="20" />



			    </group>
			</subSection>
		</section>
	</after>
</overlay>