<overlay>
	<after uuid="2654edea-e2e2-41ad-a555-d36cc83240b0">
		<section label="Hello World" uuid="uuid_hello_world">
			<subSection>
				<group label="" visible="{/$EditMode} eq 'View'">
					<Button uuid="uuid_btn_hello_world" text="Hello World" span="R"/>
                   <TextAreaWidget uuid="uidoc_sample_TextInput" label="Control" name="TextInput" editable="{editable} eq 'Y' ? true : false" mandatory="{mandatory} eq 'Y' ? true : false" visible="{visible} eq 'Y' ? true : false"/>


			    </group>
			</subSection>
		</section>
	</after>
</overlay>